{
  "Cars": [
    {
      "make": "BMW",
      "model": "T6",
      "vin": "09AGHY64352JITEG98K",
      "metadata": {
        "Color": "blue",
        "Notes": "Scratches on the Right side of the car"
      },
      "perdayrent": {
        "Price": 160.00,
        "Discount": 15.00
      },
      "metrics": {
        "yoymaintenancecost": 2190.76,
        "depreciation": 2256.43,
        "rentalcount": {
          "lastweek": 4,
          "yeartodate": 221
        }
      }
    },
    {
      "make": "Audi",
      "model": "A7",
      "vin": "09AGHY64352JITEK97K",
      "metadata": {
        "Color": "black",
        "Notes": "Scratches on the back side of the car"
      },
      "perdayrent": {
        "Price": 240.00,
        "Discount": 25.00
      },
      "metrics": {
        "yoymaintenancecost": 2790.76,
        "depreciation": 2246.43,
        "rentalcount": {
          "lastweek":7,
          "yeartodate": 201
        }
      }
    },
    {
      "make": "Tesla",
      "model": "T7",
      "vin": "09AGIY64352JITEG18K",
      "metadata": {
        "Color": "black",
        "Notes": "Scratches on the left side of the car"
      },
      "perdayrent": {
        "Price": 150.00,
        "Discount": 18.00
      },
      "metrics": {
        "yoymaintenancecost": 1240.76,
        "depreciation": 1216.43,
        "rentalcount": {
          "lastweek": 2,
          "yeartodate": 241
        }
      }
    },
    {
      "make": "Tesla",
      "model": "T9",
      "vin": "09AGIY64352JZTUG85A",
      "metadata": {
        "Color": "black",
        "Notes": "Scratches on the rear side of the car"
      },
      "perdayrent": {
        "Price": 150.00,
        "Discount": 18.00
      },
      "metrics": {
        "yoymaintenancecost": 2140.76,
        "depreciation": 2206.43,
        "rentalcount": {
          "lastweek": 2,
          "yeartodate": 241
        }
      }
    }
    
  ]
}